,metrics,scores
0,precision,0.85
1,recall,0.027777777777777776
2,roc_auc,0.5076905417814508
3,accuracy,0.2997658079625293
4,f1 score,0.05379746835443038
5,pr_auc,0.720332422586521
6,brier_score,0.7002341920374707
